customer_id,tenure_months,monthly_charges,support_tickets,contract,payment_method,churned,account_closed_flag
C00000,69,79.89,6,two-year,card,0,0
C00001,46,,1,one-year,electronic_check,0,0
C00002,50,94.87,0,month-to-month,card,0,0
C00003,65,50.69,3,one-year,bank_transfer,0,0
C00004,42,68.6,2,month-to-month,electronic_check,0,0
C00005,56,88.28,3,one-year,bank_transfer,0,0
C00006,61,84.6,2,month-to-month,bank_transfer,0,0
C00007,17,96.77,4,two-year,card,0,0
C00008,4,79.93,2,month-to-month,card,1,1
C00009,22,62.26,2,two-year,mail,0,0
C00010,21,79.05,0,one-year,electronic_check,1,1
C00011,63,44.94,2,month-to-month,bank_transfer,0,0
C00012,66,29.01,2,two-year,card,0,0
C00013,1,,3,month-to-month,mail,1,1
C00014,36,68.62,1,two-year,card,0,0
C00015,60,77.71,3,two-year,bank_transfer,0,0
C00016,10,27.56,3,two-year,bank_transfer,0,0
C00017,58,60.87,1,one-year,card,0,0
C00018,9,55.0,1,one-year,electronic_check,0,0
C00019,34,48.39,0,two-year,electronic_check,0,0
C00020,59,15.0,2,month-to-month,card,0,0
C00021,22,61.63,1,two-year,,0,0
C00022,25,,2,one-year,bank_transfer,0,0
C00023,21,79.52,2,two-year,card,0,0
C00024,52,54.98,1,month-to-month,card,0,0
C00025,19,69.63,1,one-year,mail,1,1
C00026,72,88.92,2,month-to-month,bank_transfer,0,0
C00027,33,15.0,4,month-to-month,electronic_check,1,1
C00028,35,66.89,4,month-to-month,card,0,0
C00029,37,83.58,1,one-year,mail,0,0
C00030,42,87.05,5,month-to-month,mail,0,0
C00031,40,112.52,3,two-year,mail,0,0
C00032,37,98.38,2,month-to-month,electronic_check,0,0
C00033,72,77.81,1,month-to-month,bank_transfer,0,0
C00034,59,77.55,2,two-year,bank_transfer,0,0
C00035,58,89.67,1,month-to-month,mail,0,0
C00036,51,56.52,4,month-to-month,bank_transfer,1,1
C00037,45,69.0,2,one-year,card,0,0
C00038,25,92.66,4,month-to-month,electronic_check,0,0
C00039,72,118.94,0,two-year,bank_transfer,0,0
C00040,34,,2,month-to-month,card,0,0
C00041,16,68.79,1,two-year,bank_transfer,0,0
C00042,61,74.96,2,month-to-month,card,0,0
C00043,12,103.58,1,two-year,card,0,0
C00044,62,69.24,3,month-to-month,mail,0,0
C00045,45,106.73,1,two-year,bank_transfer,0,0
C00046,9,45.83,1,month-to-month,bank_transfer,1,1
C00047,4,65.35,0,month-to-month,mail,0,0
C00048,33,,1,one-year,electronic_check,0,0
C00049,3,89.66,2,one-year,card,1,1
C00050,11,96.13,4,one-year,card,1,1
C00051,38,32.26,2,one-year,bank_transfer,0,0
C00052,70,47.12,4,month-to-month,bank_transfer,0,0
C00053,34,78.42,1,month-to-month,electronic_check,1,1
C00054,59,53.53,1,one-year,electronic_check,0,0
C00055,67,31.94,2,one-year,card,0,0
C00056,60,95.96,1,one-year,electronic_check,0,0
C00057,46,82.35,2,month-to-month,electronic_check,0,0
C00058,32,82.33,0,two-year,bank_transfer,0,0
C00059,38,58.11,1,month-to-month,bank_transfer,0,0
C00060,20,95.72,0,two-year,mail,0,0
C00061,36,64.0,1,month-to-month,electronic_check,0,0
C00062,28,97.41,3,one-year,electronic_check,0,0
C00063,18,47.21,2,two-year,electronic_check,0,0
C00064,72,48.65,0,month-to-month,bank_transfer,0,0
C00065,1,75.12,0,one-year,electronic_check,0,0
C00066,7,52.44,3,month-to-month,card,1,1
C00067,14,86.89,3,month-to-month,mail,0,0
C00068,70,76.5,3,month-to-month,electronic_check,0,0
C00069,50,46.93,0,one-year,mail,0,0
C00070,64,71.82,1,month-to-month,card,0,0
C00071,15,61.22,0,two-year,electronic_check,0,0
C00072,52,92.9,0,month-to-month,electronic_check,0,0
C00073,27,54.19,1,month-to-month,bank_transfer,0,0
C00074,36,59.02,1,month-to-month,electronic_check,0,0
C00075,1,100.28,0,month-to-month,card,1,1
C00076,45,125.96,2,month-to-month,electronic_check,0,0
C00077,60,119.98,0,month-to-month,mail,0,0
C00078,48,71.58,0,month-to-month,mail,0,0
C00079,12,,2,month-to-month,mail,0,0
C00080,39,108.34,3,one-year,bank_transfer,1,1
C00081,20,66.89,1,month-to-month,mail,0,0
C00082,70,45.59,2,one-year,electronic_check,0,0
C00083,64,,2,month-to-month,mail,0,0
C00084,14,81.29,0,month-to-month,electronic_check,1,1
C00085,37,49.27,2,month-to-month,electronic_check,0,0
C00086,68,,1,month-to-month,electronic_check,0,0
C00087,61,34.08,1,two-year,mail,0,0
C00088,51,86.64,1,month-to-month,mail,0,0
C00089,47,51.04,0,month-to-month,electronic_check,0,0
C00090,4,66.47,3,month-to-month,card,1,1
C00091,54,75.31,1,two-year,electronic_check,0,0
C00092,35,85.48,1,one-year,electronic_check,0,0
C00093,7,61.63,1,one-year,mail,1,1
C00094,18,82.47,0,two-year,mail,0,0
C00095,39,47.75,0,month-to-month,electronic_check,0,0
C00096,53,60.96,2,one-year,card,0,0
C00097,37,,1,month-to-month,mail,0,0
C00098,45,98.29,3,one-year,card,0,0
C00099,63,69.32,4,month-to-month,mail,0,0
C00100,50,51.52,1,one-year,bank_transfer,0,0
C00101,27,61.19,2,month-to-month,bank_transfer,1,1
C00102,47,64.46,1,month-to-month,electronic_check,0,0
C00103,44,87.51,2,one-year,mail,0,0
C00104,8,30.11,2,two-year,card,0,0
C00105,5,44.07,2,month-to-month,bank_transfer,0,0
C00106,48,60.55,3,month-to-month,bank_transfer,0,0
C00107,28,133.31,0,month-to-month,bank_transfer,1,1
C00108,44,93.89,0,one-year,bank_transfer,1,1
C00109,24,67.21,4,two-year,mail,0,0
C00110,17,87.8,2,month-to-month,electronic_check,0,0
C00111,11,121.44,2,month-to-month,,1,1
C00112,28,64.16,0,month-to-month,mail,1,1
C00113,59,60.84,0,two-year,mail,0,0
C00114,29,100.3,0,month-to-month,electronic_check,1,1
C00115,28,82.35,0,month-to-month,mail,0,0
C00116,42,86.78,3,one-year,electronic_check,1,1
C00117,71,57.29,0,two-year,mail,0,0
C00118,29,118.11,2,one-year,bank_transfer,0,0
C00119,43,112.74,2,month-to-month,mail,0,0
C00120,32,84.15,2,month-to-month,bank_transfer,0,0
C00121,44,87.11,1,month-to-month,electronic_check,0,0
C00122,33,19.32,1,two-year,card,0,0
C00123,46,85.94,1,one-year,card,0,0
C00124,40,65.15,1,month-to-month,bank_transfer,1,1
C00125,49,80.85,3,month-to-month,card,1,1
C00126,69,87.06,4,one-year,mail,0,0
C00127,11,61.47,3,month-to-month,mail,0,0
C00128,41,27.74,2,one-year,electronic_check,0,0
C00129,32,,1,two-year,mail,0,0
C00130,26,51.47,1,two-year,electronic_check,0,0
C00131,18,61.75,4,two-year,electronic_check,0,0
C00132,4,54.89,1,one-year,bank_transfer,0,0
C00133,29,61.46,0,month-to-month,electronic_check,0,0
C00134,60,15.0,3,month-to-month,card,0,0
C00135,7,100.42,4,month-to-month,electronic_check,1,1
C00136,30,76.33,4,one-year,card,0,0
C00137,70,97.78,1,one-year,electronic_check,0,0
C00138,69,119.5,2,two-year,electronic_check,0,0
C00139,16,70.56,1,two-year,electronic_check,0,0
C00140,1,24.94,0,month-to-month,bank_transfer,0,0
C00141,49,47.65,0,month-to-month,electronic_check,0,0
C00142,2,39.83,1,month-to-month,bank_transfer,0,0
C00143,22,57.45,1,month-to-month,card,0,0
C00144,36,71.99,2,two-year,electronic_check,0,0
C00145,63,19.95,2,one-year,electronic_check,0,0
C00146,7,78.56,4,month-to-month,card,1,1
C00147,48,32.24,2,month-to-month,electronic_check,0,0
C00148,39,77.43,3,two-year,mail,0,0
C00149,10,67.26,0,two-year,electronic_check,0,0
C00150,61,62.16,3,one-year,bank_transfer,0,0
C00151,61,68.17,2,month-to-month,bank_transfer,1,1
C00152,35,56.51,1,month-to-month,card,1,1
C00153,69,54.69,1,one-year,card,0,0
C00154,44,27.93,2,two-year,mail,0,0
C00155,66,69.26,3,month-to-month,electronic_check,0,0
C00156,70,116.14,0,month-to-month,mail,0,0
C00157,42,119.51,3,month-to-month,card,0,0
C00158,21,103.05,4,month-to-month,electronic_check,1,1
C00159,11,87.65,3,month-to-month,mail,1,1
C00160,41,53.09,1,two-year,card,0,0
C00161,14,106.07,1,one-year,card,0,0
C00162,55,68.6,0,month-to-month,electronic_check,0,0
C00163,67,68.28,1,month-to-month,mail,0,0
C00164,18,62.72,1,month-to-month,mail,0,0
C00165,40,72.3,1,one-year,bank_transfer,0,0
C00166,4,59.12,2,month-to-month,bank_transfer,1,1
C00167,13,67.91,2,month-to-month,mail,0,0
C00168,28,42.89,4,one-year,electronic_check,1,1
C00169,64,60.66,0,two-year,card,0,0
C00170,70,127.01,2,month-to-month,,0,0
C00171,47,68.26,0,two-year,card,0,0
C00172,43,,1,month-to-month,mail,0,0
C00173,42,83.31,2,month-to-month,electronic_check,1,1
C00174,5,87.7,0,two-year,mail,0,0
C00175,28,42.16,1,two-year,mail,0,0
C00176,71,64.82,2,month-to-month,electronic_check,0,0
C00177,30,92.96,2,one-year,,0,0
C00178,16,76.75,3,one-year,bank_transfer,0,0
C00179,18,73.05,1,month-to-month,bank_transfer,0,0
C00180,52,108.85,1,one-year,electronic_check,0,0
C00181,3,53.06,2,one-year,electronic_check,1,1
C00182,70,72.07,1,month-to-month,bank_transfer,0,0
C00183,64,57.0,1,month-to-month,bank_transfer,1,1
C00184,41,107.26,1,one-year,mail,0,0
C00185,34,21.2,1,one-year,bank_transfer,0,0
C00186,55,53.25,3,month-to-month,card,0,0
C00187,40,56.77,1,one-year,electronic_check,0,0
C00188,35,86.59,1,month-to-month,card,0,0
C00189,24,85.16,0,month-to-month,bank_transfer,0,0
C00190,33,104.88,3,month-to-month,bank_transfer,1,1
C00191,55,30.65,2,one-year,card,0,0
C00192,4,88.76,5,month-to-month,electronic_check,1,1
C00193,2,,1,two-year,mail,0,0
C00194,52,53.36,1,two-year,card,0,0
C00195,27,83.49,0,month-to-month,card,0,0
C00196,58,47.0,2,month-to-month,bank_transfer,0,0
C00197,3,18.08,5,month-to-month,mail,1,1
C00198,66,60.74,1,month-to-month,mail,0,0
C00199,9,32.56,1,two-year,mail,0,0
C00200,30,53.78,1,one-year,bank_transfer,0,0
C00201,70,79.29,1,month-to-month,bank_transfer,0,0
C00202,8,77.8,0,one-year,card,0,0
C00203,48,109.67,1,month-to-month,mail,0,0
C00204,53,65.01,2,one-year,electronic_check,0,0
C00205,31,31.67,1,month-to-month,card,0,0
C00206,6,51.1,2,one-year,electronic_check,0,0
C00207,38,47.02,0,month-to-month,electronic_check,0,0
C00208,32,39.55,2,one-year,card,0,0
C00209,63,80.88,1,one-year,bank_transfer,0,0
C00210,50,53.87,0,one-year,electronic_check,0,0
C00211,25,20.57,3,one-year,bank_transfer,0,0
C00212,5,87.42,1,month-to-month,card,0,0
C00213,43,67.21,3,one-year,mail,0,0
C00214,21,78.92,3,one-year,mail,0,0
C00215,50,72.64,2,one-year,card,0,0
C00216,63,85.79,1,month-to-month,card,0,0
C00217,26,70.95,0,month-to-month,mail,1,1
C00218,66,100.91,3,two-year,bank_transfer,0,0
C00219,38,80.62,1,two-year,card,0,0
C00220,39,79.8,2,two-year,bank_transfer,0,0
C00221,56,80.25,4,month-to-month,electronic_check,1,1
C00222,57,33.58,2,two-year,bank_transfer,0,0
C00223,66,65.88,2,two-year,bank_transfer,0,0
C00224,72,63.52,1,month-to-month,bank_transfer,0,0
C00225,11,75.19,3,two-year,electronic_check,0,0
C00226,30,36.03,2,two-year,bank_transfer,0,0
C00227,68,110.85,1,month-to-month,mail,0,0
C00228,23,72.61,1,month-to-month,mail,0,0
C00229,1,39.72,0,month-to-month,mail,0,0
C00230,42,27.28,1,month-to-month,card,0,0
C00231,55,62.97,2,one-year,,0,0
C00232,54,67.76,2,one-year,mail,0,0
C00233,59,52.04,2,two-year,bank_transfer,0,0
C00234,47,72.3,3,two-year,electronic_check,0,0
C00235,10,53.97,3,month-to-month,bank_transfer,1,1
C00236,61,83.79,0,month-to-month,electronic_check,0,0
C00237,31,51.89,4,two-year,electronic_check,1,1
C00238,62,69.04,4,one-year,card,1,1
C00239,59,94.47,0,month-to-month,card,1,1
C00240,70,134.29,2,one-year,,0,0
C00241,2,44.81,2,month-to-month,mail,0,0
C00242,63,58.39,2,month-to-month,mail,1,1
C00243,46,49.0,0,two-year,mail,0,0
C00244,35,89.61,2,month-to-month,,0,0
C00245,58,41.3,0,two-year,mail,0,0
C00246,69,57.89,2,month-to-month,bank_transfer,1,1
C00247,37,69.26,2,two-year,card,0,0
C00248,7,45.53,0,two-year,mail,0,0
C00249,53,46.07,5,month-to-month,card,0,0
C00250,17,58.11,1,one-year,electronic_check,0,0
C00251,17,17.49,1,two-year,mail,0,0
C00252,14,33.86,1,month-to-month,mail,0,0
C00253,15,59.67,0,one-year,electronic_check,0,0
C00254,66,73.71,1,month-to-month,bank_transfer,0,0
C00255,27,65.36,3,month-to-month,card,1,1
C00256,8,25.65,1,month-to-month,bank_transfer,0,0
C00257,13,,3,month-to-month,card,1,1
C00258,29,89.96,0,two-year,bank_transfer,0,0
C00259,25,83.9,5,month-to-month,card,1,1
C00260,23,68.03,1,month-to-month,electronic_check,1,1
C00261,69,47.82,1,month-to-month,electronic_check,0,0
C00262,63,85.78,1,one-year,bank_transfer,0,0
C00263,42,55.53,4,two-year,electronic_check,0,0
C00264,72,,1,one-year,mail,0,0
C00265,25,49.95,0,two-year,bank_transfer,0,0
C00266,10,106.21,4,month-to-month,electronic_check,1,1
C00267,20,75.5,3,one-year,mail,0,0
C00268,7,98.98,1,month-to-month,card,1,1
C00269,69,58.02,3,two-year,electronic_check,0,0
C00270,16,,0,one-year,card,0,0
C00271,33,54.96,0,month-to-month,electronic_check,0,0
C00272,15,66.06,1,two-year,bank_transfer,0,0
C00273,71,132.16,0,month-to-month,bank_transfer,0,0
C00274,12,89.18,1,month-to-month,card,0,0
C00275,38,57.47,5,month-to-month,bank_transfer,1,1
C00276,69,67.88,0,two-year,electronic_check,0,0
C00277,38,78.16,1,month-to-month,bank_transfer,1,1
C00278,65,100.26,1,two-year,card,0,0
C00279,65,57.77,1,month-to-month,mail,0,0
C00280,56,26.47,1,one-year,card,0,0
C00281,54,63.01,3,month-to-month,bank_transfer,0,0
C00282,42,70.38,0,month-to-month,card,0,0
C00283,42,72.74,5,one-year,card,1,1
C00284,60,,1,two-year,mail,0,0
C00285,31,77.92,2,two-year,bank_transfer,1,1
C00286,69,90.32,4,month-to-month,mail,1,1
C00287,64,42.47,3,two-year,mail,0,0
C00288,27,91.7,0,month-to-month,electronic_check,0,0
C00289,30,122.41,1,month-to-month,electronic_check,1,1
C00290,52,89.32,1,month-to-month,mail,0,0
C00291,67,76.34,1,month-to-month,card,0,0
C00292,7,73.85,0,one-year,electronic_check,0,0
C00293,5,114.68,0,one-year,bank_transfer,1,1
C00294,18,46.82,1,month-to-month,electronic_check,1,1
C00295,31,67.22,3,one-year,bank_transfer,0,0
C00296,12,81.51,2,two-year,mail,0,0
C00297,38,88.6,2,one-year,card,0,0
C00298,39,,1,one-year,mail,0,0
C00299,69,77.68,0,two-year,mail,0,0
C00300,54,63.05,2,month-to-month,mail,1,1
C00301,19,73.01,1,two-year,mail,0,0
C00302,57,66.7,2,month-to-month,card,0,0
C00303,59,41.46,1,month-to-month,card,0,0
C00304,49,69.47,2,two-year,card,0,0
C00305,49,91.93,0,month-to-month,electronic_check,0,0
C00306,23,45.82,0,month-to-month,card,0,0
C00307,52,63.97,3,month-to-month,bank_transfer,1,1
C00308,10,86.62,1,month-to-month,card,1,1
C00309,46,43.25,2,month-to-month,card,1,1
C00310,67,74.57,2,month-to-month,electronic_check,0,0
C00311,70,43.5,0,month-to-month,bank_transfer,0,0
C00312,22,98.37,0,one-year,electronic_check,0,0
C00313,24,127.82,1,month-to-month,card,0,0
C00314,45,120.56,2,month-to-month,mail,1,1
C00315,29,64.52,0,one-year,electronic_check,0,0
C00316,53,88.5,2,month-to-month,electronic_check,1,1
C00317,15,73.02,3,month-to-month,bank_transfer,1,1
C00318,13,72.55,1,two-year,mail,0,0
C00319,4,108.69,2,month-to-month,electronic_check,1,1
C00320,34,37.02,0,month-to-month,bank_transfer,0,0
C00321,16,96.38,2,month-to-month,mail,1,1
C00322,22,68.78,3,month-to-month,mail,1,1
C00323,66,105.21,1,month-to-month,electronic_check,1,1
C00324,59,74.68,0,month-to-month,bank_transfer,0,0
C00325,61,53.18,2,month-to-month,bank_transfer,1,1
C00326,43,76.93,3,month-to-month,bank_transfer,0,0
C00327,9,88.4,0,one-year,,0,0
C00328,54,70.89,5,month-to-month,card,1,1
C00329,44,82.2,1,month-to-month,electronic_check,1,1
C00330,66,56.96,1,month-to-month,electronic_check,0,0
C00331,35,16.65,0,month-to-month,electronic_check,0,0
C00332,13,92.5,0,month-to-month,mail,1,1
C00333,43,87.48,1,one-year,mail,0,0
C00334,33,73.7,1,two-year,card,0,0
C00335,48,71.71,0,two-year,card,0,0
C00336,28,95.91,4,month-to-month,bank_transfer,1,1
C00337,23,58.57,2,one-year,card,0,0
C00338,10,52.34,0,one-year,electronic_check,0,0
C00339,70,65.29,1,one-year,mail,0,0
C00340,55,99.73,1,two-year,electronic_check,0,0
C00341,34,35.32,3,month-to-month,electronic_check,0,0
C00342,17,99.8,1,one-year,mail,0,0
C00343,46,54.02,3,month-to-month,card,1,1
C00344,30,42.48,5,one-year,bank_transfer,0,0
C00345,46,,0,one-year,electronic_check,0,0
C00346,7,67.58,2,month-to-month,mail,0,0
C00347,14,37.49,3,two-year,card,0,0
C00348,53,61.03,2,month-to-month,card,0,0
C00349,5,93.28,2,month-to-month,electronic_check,1,1
C00350,49,99.8,1,one-year,electronic_check,0,0
C00351,30,59.32,1,two-year,electronic_check,0,0
C00352,1,80.16,2,month-to-month,card,1,1
C00353,56,87.85,0,one-year,electronic_check,0,0
C00354,51,53.88,0,month-to-month,electronic_check,0,0
C00355,59,78.88,1,month-to-month,card,0,0
C00356,65,69.2,1,month-to-month,card,0,0
C00357,53,56.6,0,one-year,mail,0,0
C00358,61,57.7,1,month-to-month,mail,0,0
C00359,9,71.68,0,two-year,mail,0,0
C00360,67,70.75,2,month-to-month,card,0,0
C00361,66,55.86,0,month-to-month,mail,0,0
C00362,50,59.35,2,month-to-month,electronic_check,0,0
C00363,58,97.83,1,month-to-month,mail,0,0
C00364,54,75.35,4,two-year,electronic_check,0,0
C00365,64,92.13,2,two-year,bank_transfer,0,0
C00366,65,100.05,1,two-year,bank_transfer,0,0
C00367,38,84.72,2,month-to-month,mail,1,1
C00368,59,126.77,3,two-year,,0,0
C00369,66,49.37,2,month-to-month,electronic_check,0,0
C00370,22,90.21,2,month-to-month,electronic_check,0,0
C00371,4,62.05,0,one-year,electronic_check,1,1
C00372,13,116.39,1,month-to-month,mail,1,1
C00373,3,112.51,1,month-to-month,electronic_check,1,1
C00374,32,21.14,0,two-year,card,0,0
C00375,2,45.78,2,month-to-month,card,1,1
C00376,19,86.61,4,one-year,mail,0,0
C00377,19,89.75,0,month-to-month,mail,1,1
C00378,51,88.41,2,month-to-month,card,1,1
C00379,18,68.23,1,month-to-month,electronic_check,0,0
C00380,69,81.38,1,month-to-month,bank_transfer,1,1
C00381,14,86.33,1,month-to-month,card,1,1
C00382,70,68.05,0,month-to-month,electronic_check,0,0
C00383,41,95.68,2,month-to-month,bank_transfer,0,0
C00384,18,15.0,2,month-to-month,mail,0,0
C00385,3,85.84,3,month-to-month,card,0,0
C00386,23,44.15,1,two-year,electronic_check,0,0
C00387,43,93.97,1,two-year,bank_transfer,1,1
C00388,8,,1,one-year,mail,0,0
C00389,12,47.78,1,month-to-month,mail,0,0
C00390,9,79.35,3,one-year,electronic_check,1,1
C00391,49,47.22,2,one-year,bank_transfer,0,0
C00392,7,47.18,3,month-to-month,,1,1
C00393,2,30.82,6,month-to-month,bank_transfer,1,1
C00394,33,69.33,2,month-to-month,bank_transfer,0,0
C00395,23,82.42,1,month-to-month,mail,0,0
C00396,42,95.58,0,month-to-month,card,0,0
C00397,68,66.46,1,two-year,card,0,0
C00398,62,96.2,1,month-to-month,card,1,1
C00399,39,70.45,2,one-year,card,0,0
C00400,47,67.67,2,two-year,card,0,0
C00401,59,84.34,0,one-year,electronic_check,0,0
C00402,32,96.46,1,month-to-month,card,0,0
C00403,48,61.46,1,month-to-month,card,0,0
C00404,16,63.91,1,two-year,card,0,0
C00405,44,65.98,2,month-to-month,electronic_check,0,0
C00406,18,72.07,1,month-to-month,card,0,0
C00407,14,,1,one-year,mail,0,0
C00408,55,95.7,1,two-year,electronic_check,0,0
C00409,42,59.99,2,two-year,electronic_check,0,0
C00410,28,81.56,2,one-year,card,1,1
C00411,3,49.36,2,one-year,card,0,0
C00412,18,78.97,0,month-to-month,mail,1,1
C00413,58,79.79,2,month-to-month,card,1,1
C00414,34,59.48,2,one-year,bank_transfer,0,0
C00415,70,120.52,1,month-to-month,electronic_check,0,0
C00416,65,79.28,3,one-year,electronic_check,0,0
C00417,62,114.42,1,month-to-month,mail,1,1
C00418,2,93.98,3,month-to-month,card,1,1
C00419,4,53.44,1,two-year,electronic_check,1,1
C00420,42,60.45,1,month-to-month,electronic_check,0,0
C00421,25,80.9,0,one-year,electronic_check,0,0
C00422,61,71.53,2,month-to-month,mail,0,0
C00423,23,71.24,5,two-year,electronic_check,0,0
C00424,12,62.84,2,month-to-month,mail,1,1
C00425,9,24.79,1,one-year,bank_transfer,0,0
C00426,22,64.36,0,two-year,bank_transfer,0,0
C00427,46,15.0,2,month-to-month,electronic_check,0,0
C00428,10,79.3,0,month-to-month,bank_transfer,1,1
C00429,58,51.85,1,month-to-month,card,0,0
C00430,22,52.11,3,month-to-month,bank_transfer,0,0
C00431,23,64.52,1,one-year,bank_transfer,0,0
C00432,48,76.82,0,month-to-month,mail,0,0
C00433,63,34.2,1,two-year,mail,0,0
C00434,32,26.28,1,one-year,electronic_check,0,0
C00435,58,43.35,0,one-year,card,0,0
C00436,22,18.96,2,month-to-month,electronic_check,0,0
C00437,10,45.83,3,month-to-month,electronic_check,1,1
C00438,60,109.77,1,two-year,card,0,0
C00439,56,43.59,2,two-year,electronic_check,0,0
C00440,55,86.29,1,month-to-month,bank_transfer,1,1
C00441,64,35.71,2,one-year,card,0,0
C00442,36,77.48,3,one-year,bank_transfer,1,1
C00443,15,62.01,2,month-to-month,mail,0,0
C00444,43,68.5,1,month-to-month,bank_transfer,1,1
C00445,42,84.22,1,one-year,card,1,1
C00446,28,113.91,1,two-year,mail,0,0
C00447,46,74.87,2,two-year,mail,0,0
C00448,19,73.11,0,month-to-month,bank_transfer,0,0
C00449,44,45.67,1,month-to-month,bank_transfer,0,0
C00450,58,84.58,1,month-to-month,bank_transfer,0,0
C00451,7,63.85,1,month-to-month,electronic_check,0,0
C00452,33,90.8,0,two-year,card,0,0
C00453,48,,3,month-to-month,mail,1,1
C00454,4,113.52,1,two-year,card,1,1
C00455,46,20.43,2,month-to-month,mail,0,0
C00456,66,62.59,1,two-year,mail,0,0
C00457,60,92.04,4,month-to-month,bank_transfer,0,0
C00458,50,61.23,4,two-year,electronic_check,0,0
C00459,58,50.2,1,one-year,card,1,1
C00460,27,63.35,1,one-year,electronic_check,0,0
C00461,24,,1,month-to-month,electronic_check,0,0
C00462,7,72.97,3,month-to-month,electronic_check,0,0
C00463,52,131.01,2,month-to-month,electronic_check,0,0
C00464,23,98.63,2,two-year,electronic_check,0,0
C00465,63,,2,two-year,card,0,0
C00466,34,48.17,2,one-year,card,0,0
C00467,65,59.88,0,one-year,bank_transfer,0,0
C00468,10,95.11,1,month-to-month,card,1,1
C00469,12,49.46,1,two-year,mail,1,1
C00470,25,52.74,1,one-year,electronic_check,1,1
C00471,2,92.12,2,one-year,electronic_check,0,0
C00472,36,91.62,2,two-year,electronic_check,0,0
C00473,47,60.65,2,month-to-month,card,0,0
C00474,48,42.06,4,one-year,mail,0,0
C00475,16,31.26,1,one-year,electronic_check,0,0
C00476,12,52.53,1,one-year,mail,0,0
C00477,41,15.0,2,month-to-month,bank_transfer,0,0
C00478,46,88.75,2,one-year,electronic_check,1,1
C00479,69,54.25,1,two-year,mail,0,0
C00480,65,82.03,0,one-year,bank_transfer,0,0
C00481,28,116.71,3,month-to-month,bank_transfer,0,0
C00482,12,99.32,2,two-year,electronic_check,0,0
C00483,19,41.22,2,month-to-month,card,1,1
C00484,64,91.73,0,month-to-month,,0,0
C00485,33,98.95,1,two-year,card,0,0
C00486,72,51.34,1,one-year,electronic_check,0,0
C00487,48,46.17,2,month-to-month,card,0,0
C00488,43,67.26,3,two-year,card,0,0
C00489,8,29.96,4,one-year,mail,0,0
C00490,43,106.77,2,month-to-month,card,0,0
C00491,28,15.0,0,month-to-month,bank_transfer,0,0
C00492,61,42.33,0,two-year,electronic_check,0,0
C00493,10,63.26,1,two-year,bank_transfer,0,0
C00494,14,64.32,0,month-to-month,,1,1
C00495,48,74.15,0,month-to-month,mail,0,0
C00496,49,76.79,3,one-year,card,0,0
C00497,60,64.66,2,month-to-month,card,0,0
C00498,38,98.42,1,month-to-month,bank_transfer,1,1
C00499,28,16.52,0,month-to-month,electronic_check,0,0
C00500,23,70.0,1,two-year,electronic_check,0,0
C00501,27,,2,one-year,mail,0,0
C00502,48,73.31,0,month-to-month,card,0,0
C00503,39,75.52,2,two-year,mail,0,0
C00504,22,47.2,1,one-year,card,0,0
C00505,16,53.98,2,month-to-month,card,1,1
C00506,52,89.81,2,month-to-month,bank_transfer,0,0
C00507,18,78.73,1,month-to-month,bank_transfer,1,1
C00508,16,52.99,1,month-to-month,mail,1,1
C00509,24,121.0,3,month-to-month,bank_transfer,1,1
C00510,62,127.73,0,month-to-month,bank_transfer,1,1
C00511,33,33.44,1,two-year,electronic_check,0,0
C00512,43,77.54,0,one-year,electronic_check,0,0
C00513,6,132.72,2,month-to-month,card,1,1
C00514,25,89.6,3,two-year,card,0,0
C00515,55,75.53,2,one-year,,0,0
C00516,56,64.8,1,two-year,bank_transfer,0,0
C00517,42,56.47,1,two-year,bank_transfer,0,0
C00518,64,64.69,2,one-year,electronic_check,0,0
C00519,22,56.23,2,one-year,card,1,1
C00520,12,88.62,1,one-year,card,0,0
C00521,6,60.05,1,one-year,electronic_check,1,1
C00522,15,58.97,4,two-year,electronic_check,0,0
C00523,55,39.95,1,month-to-month,bank_transfer,0,0
C00524,66,68.76,2,month-to-month,bank_transfer,0,0
C00525,10,47.65,0,month-to-month,bank_transfer,0,0
C00526,37,65.48,1,two-year,,0,0
C00527,10,,1,two-year,bank_transfer,0,0
C00528,61,79.15,1,month-to-month,bank_transfer,0,0
C00529,10,82.62,0,month-to-month,bank_transfer,0,0
C00530,47,78.9,0,month-to-month,electronic_check,1,1
C00531,6,71.48,1,two-year,bank_transfer,0,0
C00532,54,66.82,2,one-year,electronic_check,0,0
C00533,66,62.3,4,two-year,bank_transfer,0,0
C00534,53,88.98,1,one-year,electronic_check,0,0
C00535,20,42.89,4,month-to-month,electronic_check,1,1
C00536,61,103.52,1,one-year,,1,1
C00537,23,70.85,1,two-year,card,0,0
C00538,55,51.28,5,two-year,mail,0,0
C00539,60,57.77,1,month-to-month,electronic_check,0,0
C00540,35,53.08,1,month-to-month,electronic_check,0,0
C00541,45,74.01,2,two-year,bank_transfer,0,0
C00542,62,52.05,2,month-to-month,,0,0
C00543,14,98.55,2,two-year,card,0,0
C00544,2,50.46,2,month-to-month,bank_transfer,0,0
C00545,32,,2,two-year,card,0,0
C00546,14,51.73,0,month-to-month,bank_transfer,0,0
C00547,64,19.79,1,month-to-month,mail,0,0
C00548,63,69.0,1,month-to-month,mail,0,0
C00549,28,96.48,3,month-to-month,card,0,0
C00550,23,86.19,2,month-to-month,electronic_check,1,1
C00551,52,36.56,1,two-year,bank_transfer,0,0
C00552,33,50.94,0,two-year,card,0,0
C00553,7,114.47,3,month-to-month,mail,1,1
C00554,48,77.96,4,two-year,card,0,0
C00555,53,70.1,0,month-to-month,card,0,0
C00556,6,96.4,2,two-year,card,0,0
C00557,56,131.32,1,month-to-month,card,0,0
C00558,39,102.41,1,one-year,bank_transfer,0,0
C00559,60,73.49,1,month-to-month,bank_transfer,0,0
C00560,62,78.87,4,month-to-month,card,1,1
C00561,49,85.43,3,month-to-month,mail,1,1
C00562,25,54.68,1,month-to-month,mail,0,0
C00563,27,43.53,0,month-to-month,card,0,0
C00564,53,71.31,1,month-to-month,card,1,1
C00565,5,46.32,1,month-to-month,mail,0,0
C00566,17,,3,month-to-month,electronic_check,0,0
C00567,38,72.4,1,one-year,card,0,0
C00568,68,128.53,0,two-year,card,0,0
C00569,55,48.72,2,two-year,electronic_check,0,0
C00570,59,66.96,2,one-year,card,0,0
C00571,14,65.89,1,month-to-month,mail,0,0
C00572,21,,2,one-year,mail,0,0
C00573,20,96.17,2,month-to-month,electronic_check,0,0
C00574,54,57.74,0,month-to-month,,0,0
C00575,39,49.47,1,month-to-month,electronic_check,0,0
C00576,16,28.98,2,month-to-month,mail,1,1
C00577,54,46.84,3,month-to-month,bank_transfer,1,1
C00578,46,83.41,1,month-to-month,bank_transfer,0,0
C00579,65,71.14,2,month-to-month,bank_transfer,1,1
C00580,41,,0,month-to-month,card,1,1
C00581,10,60.68,1,month-to-month,mail,1,1
C00582,64,70.79,2,month-to-month,card,0,0
C00583,14,82.59,0,two-year,bank_transfer,0,0
C00584,4,55.17,1,one-year,bank_transfer,1,1
C00585,58,63.74,1,month-to-month,electronic_check,0,0
C00586,33,24.54,2,one-year,electronic_check,0,0
C00587,47,41.22,1,one-year,electronic_check,0,0
C00588,10,110.44,4,month-to-month,card,1,1
C00589,52,15.3,0,month-to-month,mail,0,0
C00590,30,61.55,2,month-to-month,mail,1,1
C00591,72,,0,month-to-month,,0,0
C00592,46,60.64,1,two-year,electronic_check,0,0
C00593,68,49.8,4,month-to-month,card,1,1
C00594,58,68.47,2,month-to-month,electronic_check,0,0
C00595,61,69.88,1,month-to-month,mail,0,0
C00596,7,67.95,1,one-year,mail,1,1
C00597,56,23.06,2,month-to-month,electronic_check,0,0
C00598,44,66.31,4,month-to-month,bank_transfer,0,0
C00599,29,48.62,0,two-year,electronic_check,0,0
C00600,23,56.31,0,one-year,electronic_check,0,0
C00601,47,75.67,4,one-year,electronic_check,0,0
C00602,15,86.02,2,month-to-month,mail,1,1
C00603,14,92.42,4,month-to-month,mail,1,1
C00604,63,57.59,4,month-to-month,electronic_check,0,0
C00605,55,93.1,3,month-to-month,mail,1,1
C00606,43,99.34,0,month-to-month,card,0,0
C00607,55,,3,month-to-month,electronic_check,0,0
C00608,24,104.74,2,two-year,card,1,1
C00609,52,66.36,0,two-year,,0,0
C00610,15,65.65,3,month-to-month,card,0,0
C00611,33,90.63,2,two-year,mail,0,0
C00612,11,35.84,1,month-to-month,electronic_check,1,1
C00613,28,75.24,3,month-to-month,card,1,1
C00614,25,56.74,3,two-year,electronic_check,0,0
C00615,31,60.78,0,two-year,mail,0,0
C00616,35,26.46,1,month-to-month,mail,0,0
C00617,3,47.74,0,one-year,card,0,0
C00618,25,69.49,0,month-to-month,,1,1
C00619,61,92.21,3,two-year,mail,0,0
C00620,32,94.75,0,month-to-month,card,0,0
C00621,40,,5,month-to-month,electronic_check,1,1
C00622,8,65.27,2,month-to-month,electronic_check,1,1
C00623,28,49.23,3,one-year,card,0,0
C00624,70,80.06,2,one-year,card,0,0
C00625,40,63.81,2,two-year,mail,0,0
C00626,2,85.15,1,month-to-month,mail,0,0
C00627,52,113.79,0,two-year,,0,0
C00628,56,69.19,3,two-year,mail,0,0
C00629,28,32.57,0,one-year,card,0,0
C00630,3,48.48,2,month-to-month,card,1,1
C00631,60,33.55,2,month-to-month,mail,0,0
C00632,19,40.07,2,month-to-month,card,0,0
C00633,67,102.63,1,month-to-month,electronic_check,0,0
C00634,27,75.67,2,one-year,electronic_check,0,0
C00635,28,32.0,0,month-to-month,bank_transfer,0,0
C00636,58,86.34,3,month-to-month,bank_transfer,0,0
C00637,10,101.51,3,month-to-month,mail,1,1
C00638,3,61.0,1,one-year,mail,0,0
C00639,55,53.1,0,month-to-month,card,0,0
C00640,67,61.57,2,one-year,electronic_check,0,0
C00641,72,77.12,1,one-year,card,0,0
C00642,10,86.0,2,month-to-month,card,1,1
C00643,11,99.56,2,one-year,mail,1,1
C00644,25,100.31,1,month-to-month,electronic_check,1,1
C00645,52,99.64,0,month-to-month,card,0,0
C00646,66,104.05,1,one-year,bank_transfer,0,0
C00647,60,86.53,1,month-to-month,mail,0,0
C00648,27,31.73,1,month-to-month,mail,0,0
C00649,67,66.73,1,one-year,card,0,0
C00650,19,,4,two-year,card,0,0
C00651,9,60.42,2,two-year,mail,0,0
C00652,32,92.78,1,one-year,mail,0,0
C00653,7,60.99,1,two-year,bank_transfer,1,1
C00654,49,46.86,0,month-to-month,mail,1,1
C00655,72,106.11,0,two-year,electronic_check,0,0
C00656,8,86.65,1,month-to-month,mail,1,1
C00657,9,75.48,1,two-year,electronic_check,0,0
C00658,13,,1,one-year,electronic_check,0,0
C00659,13,96.56,1,month-to-month,bank_transfer,1,1
C00660,39,78.53,3,one-year,mail,0,0
C00661,42,15.0,1,two-year,electronic_check,0,0
C00662,69,53.11,0,month-to-month,card,0,0
C00663,33,58.59,1,one-year,electronic_check,0,0
C00664,67,45.39,2,month-to-month,bank_transfer,0,0
C00665,55,74.97,0,one-year,card,0,0
C00666,62,99.81,1,month-to-month,card,0,0
C00667,14,57.88,1,one-year,mail,0,0
C00668,33,41.63,1,month-to-month,,1,1
C00669,66,120.7,1,month-to-month,mail,0,0
C00670,55,58.71,1,two-year,mail,0,0
C00671,16,39.18,1,month-to-month,card,1,1
C00672,61,75.94,1,two-year,electronic_check,0,0
C00673,56,80.64,1,month-to-month,card,0,0
C00674,11,52.37,1,month-to-month,electronic_check,0,0
C00675,5,89.76,1,two-year,bank_transfer,0,0
C00676,19,57.82,1,month-to-month,mail,0,0
C00677,35,46.93,2,one-year,mail,1,1
C00678,12,74.46,2,two-year,electronic_check,0,0
C00679,3,89.27,0,two-year,electronic_check,1,1
C00680,8,54.15,2,one-year,card,0,0
C00681,23,78.27,0,month-to-month,bank_transfer,0,0
C00682,29,,4,month-to-month,electronic_check,0,0
C00683,23,140.61,5,month-to-month,mail,0,0
C00684,33,52.29,0,month-to-month,bank_transfer,0,0
C00685,52,104.6,1,month-to-month,card,0,0
C00686,18,68.69,3,month-to-month,bank_transfer,1,1
C00687,33,66.83,0,month-to-month,electronic_check,0,0
C00688,53,88.04,1,one-year,bank_transfer,0,0
C00689,5,92.35,0,month-to-month,mail,0,0
C00690,68,101.68,0,one-year,card,0,0
C00691,72,78.22,2,month-to-month,card,0,0
C00692,21,54.99,1,one-year,electronic_check,0,0
C00693,64,56.56,2,one-year,electronic_check,0,0
C00694,19,82.74,2,month-to-month,electronic_check,0,0
C00695,66,84.52,3,one-year,electronic_check,0,0
C00696,48,104.95,0,one-year,electronic_check,1,1
C00697,18,,3,two-year,mail,0,0
C00698,5,96.5,2,one-year,bank_transfer,0,0
C00699,29,107.92,4,two-year,bank_transfer,0,0
C00700,54,74.12,2,two-year,bank_transfer,0,0
C00701,17,32.86,1,one-year,bank_transfer,0,0
C00702,38,40.52,3,month-to-month,bank_transfer,0,0
C00703,9,34.05,5,month-to-month,mail,1,1
C00704,31,109.79,1,month-to-month,card,0,0
C00705,3,48.81,3,one-year,card,0,0
C00706,72,100.8,0,one-year,mail,0,0
C00707,37,84.64,2,two-year,mail,0,0
C00708,61,112.88,1,month-to-month,card,0,0
C00709,9,95.08,2,month-to-month,bank_transfer,1,1
C00710,13,67.44,2,one-year,electronic_check,1,1
C00711,13,65.0,0,one-year,bank_transfer,1,1
C00712,41,72.13,1,month-to-month,card,0,0
C00713,62,74.38,1,month-to-month,mail,1,1
C00714,44,56.73,1,month-to-month,card,0,0
C00715,35,69.18,2,month-to-month,bank_transfer,0,0
C00716,68,110.23,1,month-to-month,electronic_check,0,0
C00717,14,27.45,1,month-to-month,card,1,1
C00718,12,76.46,1,month-to-month,electronic_check,1,1
C00719,49,47.33,2,month-to-month,,1,1
C00720,62,74.68,1,month-to-month,mail,0,0
C00721,20,91.0,1,month-to-month,electronic_check,1,1
C00722,19,68.56,2,month-to-month,mail,0,0
C00723,38,89.32,3,one-year,electronic_check,1,1
C00724,57,30.25,1,one-year,bank_transfer,0,0
C00725,21,97.67,2,one-year,card,1,1
C00726,60,54.92,4,month-to-month,,0,0
C00727,38,85.56,2,month-to-month,bank_transfer,0,0
C00728,51,74.56,2,month-to-month,mail,1,1
C00729,46,15.0,0,month-to-month,bank_transfer,1,1
C00730,35,51.1,1,two-year,bank_transfer,0,0
C00731,39,75.51,1,two-year,mail,0,0
C00732,72,108.85,3,one-year,mail,0,0
C00733,29,77.18,0,one-year,bank_transfer,0,0
C00734,69,76.44,3,one-year,electronic_check,0,0
C00735,57,34.68,2,two-year,electronic_check,0,0
C00736,14,105.78,0,month-to-month,mail,0,0
C00737,63,115.18,1,two-year,mail,0,0
C00738,28,70.71,1,one-year,bank_transfer,0,0
C00739,13,64.51,1,month-to-month,card,0,0
C00740,19,29.52,1,month-to-month,card,0,0
C00741,10,92.08,2,month-to-month,mail,1,1
C00742,25,137.56,3,month-to-month,mail,1,1
C00743,9,,0,two-year,bank_transfer,0,0
C00744,40,101.59,0,one-year,mail,0,0
C00745,71,83.55,3,month-to-month,electronic_check,0,0
C00746,70,45.37,0,month-to-month,electronic_check,0,0
C00747,68,103.42,1,month-to-month,bank_transfer,0,0
C00748,18,39.14,2,month-to-month,card,0,0
C00749,17,64.73,2,month-to-month,electronic_check,0,0
C00750,49,76.97,1,one-year,card,0,0
C00751,70,92.07,2,month-to-month,electronic_check,0,0
C00752,60,80.4,0,one-year,bank_transfer,0,0
C00753,15,79.67,0,month-to-month,electronic_check,1,1
C00754,54,50.96,2,two-year,card,0,0
C00755,37,,2,one-year,mail,0,0
C00756,32,71.54,1,month-to-month,electronic_check,0,0
C00757,36,52.25,1,one-year,bank_transfer,0,0
C00758,40,37.31,1,month-to-month,electronic_check,0,0
C00759,66,38.35,2,month-to-month,card,0,0
C00760,58,57.75,1,month-to-month,mail,0,0
C00761,3,23.69,1,month-to-month,mail,0,0
C00762,55,36.31,1,month-to-month,mail,0,0
C00763,23,29.12,5,month-to-month,electronic_check,1,1
C00764,25,74.56,2,month-to-month,mail,0,0
C00765,44,80.2,2,two-year,electronic_check,0,0
C00766,71,120.18,4,month-to-month,mail,0,0
C00767,5,32.56,0,month-to-month,electronic_check,0,0
C00768,37,53.01,0,month-to-month,bank_transfer,0,0
C00769,18,92.82,2,month-to-month,card,0,0
C00770,66,,0,month-to-month,card,0,0
C00771,34,61.83,2,month-to-month,bank_transfer,0,0
C00772,62,112.73,3,one-year,electronic_check,0,0
C00773,64,,1,month-to-month,card,0,0
C00774,8,41.1,1,month-to-month,,1,1
C00775,55,37.08,1,one-year,electronic_check,0,0
C00776,57,78.39,1,one-year,electronic_check,0,0
C00777,60,77.63,2,month-to-month,mail,0,0
C00778,72,35.71,1,month-to-month,electronic_check,0,0
C00779,55,45.37,0,one-year,electronic_check,0,0
C00780,61,83.37,1,month-to-month,bank_transfer,0,0
C00781,51,84.43,0,two-year,mail,0,0
C00782,22,53.92,2,month-to-month,electronic_check,0,0
C00783,62,85.56,2,month-to-month,bank_transfer,0,0
C00784,51,84.3,1,month-to-month,card,1,1
C00785,50,25.42,2,month-to-month,card,0,0
C00786,71,62.2,0,two-year,mail,0,0
C00787,53,80.38,3,month-to-month,bank_transfer,0,0
C00788,25,55.67,2,one-year,mail,0,0
C00789,22,16.53,1,two-year,card,0,0
C00790,24,62.92,2,two-year,card,0,0
C00791,13,88.8,1,month-to-month,bank_transfer,1,1
C00792,6,109.51,1,month-to-month,card,0,0
C00793,55,15.23,1,month-to-month,card,1,1
C00794,57,135.33,0,month-to-month,card,1,1
C00795,12,41.82,2,two-year,card,0,0
C00796,29,93.92,1,one-year,card,0,0
C00797,67,100.85,1,month-to-month,electronic_check,1,1
C00798,61,94.58,2,month-to-month,mail,0,0
C00799,43,73.74,1,one-year,electronic_check,0,0
C00800,70,40.96,0,one-year,electronic_check,0,0
C00801,24,85.66,1,month-to-month,mail,1,1
C00802,61,52.12,0,one-year,mail,0,0
C00803,68,15.0,2,month-to-month,mail,0,0
C00804,43,140.72,2,month-to-month,mail,0,0
C00805,12,87.7,2,month-to-month,card,1,1
C00806,22,115.45,1,two-year,bank_transfer,0,0
C00807,38,47.21,1,month-to-month,mail,0,0
C00808,21,106.69,1,one-year,mail,0,0
C00809,7,109.75,1,month-to-month,mail,1,1
C00810,13,108.86,2,month-to-month,mail,1,1
C00811,70,69.47,1,one-year,electronic_check,0,0
C00812,28,39.94,1,one-year,mail,0,0
C00813,42,65.57,0,two-year,mail,0,0
C00814,32,15.0,1,month-to-month,electronic_check,0,0
C00815,58,27.45,0,month-to-month,electronic_check,0,0
C00816,8,72.3,0,month-to-month,card,0,0
C00817,21,45.22,2,month-to-month,card,1,1
C00818,43,65.89,3,two-year,card,0,0
C00819,58,67.28,1,month-to-month,card,0,0
C00820,34,118.27,4,month-to-month,bank_transfer,1,1
C00821,51,102.44,0,month-to-month,bank_transfer,0,0
C00822,58,68.88,2,one-year,bank_transfer,0,0
C00823,47,100.22,0,month-to-month,electronic_check,1,1
C00824,59,50.51,0,month-to-month,card,0,0
C00825,69,,1,one-year,electronic_check,0,0
C00826,16,92.76,2,month-to-month,mail,1,1
C00827,32,38.96,1,two-year,electronic_check,0,0
C00828,17,63.03,1,month-to-month,card,1,1
C00829,30,36.98,1,month-to-month,card,0,0
C00830,1,72.94,0,month-to-month,electronic_check,0,0
C00831,50,110.81,1,two-year,card,0,0
C00832,17,51.2,1,month-to-month,card,1,1
C00833,61,75.65,3,month-to-month,electronic_check,0,0
C00834,52,47.57,2,month-to-month,card,0,0
C00835,25,41.26,0,month-to-month,electronic_check,0,0
C00836,33,39.1,1,month-to-month,electronic_check,0,0
C00837,49,106.37,0,two-year,bank_transfer,0,0
C00838,31,129.06,3,two-year,bank_transfer,0,0
C00839,16,82.08,1,month-to-month,card,0,0
C00840,4,52.09,0,two-year,card,0,0
C00841,40,87.62,2,month-to-month,bank_transfer,0,0
C00842,39,61.64,1,one-year,card,0,0
C00843,56,90.03,0,month-to-month,mail,0,0
C00844,10,77.27,2,month-to-month,mail,0,0
C00845,5,76.99,2,month-to-month,electronic_check,0,0
C00846,54,85.18,3,month-to-month,bank_transfer,0,0
C00847,53,55.51,1,two-year,,0,0
C00848,58,59.89,2,month-to-month,mail,0,0
C00849,2,26.97,1,month-to-month,mail,0,0
C00850,48,58.95,4,month-to-month,mail,0,0
C00851,70,,1,one-year,card,0,0
C00852,55,66.38,2,month-to-month,electronic_check,0,0
C00853,34,46.06,1,month-to-month,card,0,0
C00854,35,72.53,0,month-to-month,card,0,0
C00855,30,81.33,1,two-year,bank_transfer,0,0
C00856,4,34.5,3,month-to-month,mail,0,0
C00857,52,49.67,2,month-to-month,mail,1,1
C00858,39,46.42,1,one-year,bank_transfer,0,0
C00859,38,88.66,1,month-to-month,electronic_check,0,0
C00860,68,112.66,1,one-year,mail,0,0
C00861,53,91.29,2,two-year,electronic_check,0,0
C00862,70,61.26,2,one-year,bank_transfer,0,0
C00863,7,,3,month-to-month,mail,1,1
C00864,69,32.15,0,two-year,,0,0
C00865,41,107.48,3,month-to-month,bank_transfer,1,1
C00866,29,53.59,1,month-to-month,electronic_check,0,0
C00867,41,15.0,1,two-year,card,0,0
C00868,3,136.27,0,two-year,card,1,1
C00869,68,,1,one-year,bank_transfer,0,0
C00870,46,44.2,3,month-to-month,card,1,1
C00871,3,74.23,3,month-to-month,electronic_check,0,0
C00872,66,64.64,0,month-to-month,mail,0,0
C00873,33,72.56,0,month-to-month,card,0,0
C00874,9,32.92,1,one-year,card,0,0
C00875,46,52.96,2,month-to-month,card,0,0
C00876,5,81.7,3,two-year,card,0,0
C00877,40,75.57,3,one-year,electronic_check,0,0
C00878,55,99.98,2,one-year,electronic_check,1,1
C00879,6,,0,two-year,mail,0,0
C00880,57,128.73,0,month-to-month,card,0,0
C00881,43,52.11,0,one-year,mail,0,0
C00882,24,76.48,1,month-to-month,mail,1,1
C00883,16,22.09,1,month-to-month,bank_transfer,0,0
C00884,1,38.67,2,one-year,electronic_check,1,1
C00885,15,103.21,0,month-to-month,bank_transfer,0,0
C00886,21,,0,two-year,card,0,0
C00887,64,83.27,1,two-year,mail,0,0
C00888,37,68.46,2,two-year,card,0,0
C00889,15,43.89,1,month-to-month,mail,1,1
C00890,54,61.29,5,month-to-month,mail,1,1
C00891,33,57.14,1,month-to-month,bank_transfer,1,1
C00892,61,57.82,2,month-to-month,mail,0,0
C00893,55,88.84,0,month-to-month,mail,0,0
C00894,68,86.31,1,one-year,card,0,0
C00895,51,55.56,1,two-year,electronic_check,0,0
C00896,8,47.32,1,month-to-month,card,0,0
C00897,40,77.06,1,two-year,card,0,0
C00898,31,67.5,1,month-to-month,card,0,0
C00899,59,95.71,2,two-year,bank_transfer,0,0
C00900,12,136.38,1,two-year,electronic_check,0,0
C00901,34,91.07,0,one-year,card,0,0
C00902,60,69.13,1,two-year,electronic_check,0,0
C00903,45,65.7,1,one-year,bank_transfer,0,0
C00904,3,48.58,2,one-year,mail,0,0
C00905,59,47.33,1,month-to-month,electronic_check,1,1
C00906,27,44.91,1,month-to-month,electronic_check,0,0
C00907,49,60.12,1,month-to-month,mail,0,0
C00908,48,59.32,0,two-year,card,0,0
C00909,47,88.59,2,month-to-month,,0,0
C00910,31,60.03,1,one-year,electronic_check,0,0
C00911,30,65.06,1,month-to-month,electronic_check,1,1
C00912,8,39.54,1,one-year,card,0,0
C00913,41,111.11,2,two-year,electronic_check,0,0
C00914,21,82.67,2,one-year,bank_transfer,1,1
C00915,29,114.72,1,month-to-month,electronic_check,1,1
C00916,13,89.92,2,one-year,mail,1,1
C00917,54,107.24,2,month-to-month,electronic_check,0,0
C00918,67,63.79,3,two-year,electronic_check,0,0
C00919,28,87.93,3,month-to-month,bank_transfer,0,0
C00920,31,137.64,0,month-to-month,electronic_check,1,1
C00921,34,,0,two-year,electronic_check,0,0
C00922,6,99.41,1,two-year,card,0,0
C00923,55,112.45,3,two-year,bank_transfer,0,0
C00924,64,80.53,1,month-to-month,bank_transfer,0,0
C00925,37,89.13,1,one-year,mail,0,0
C00926,5,,1,two-year,bank_transfer,0,0
C00927,25,53.24,0,one-year,card,0,0
C00928,12,80.44,2,month-to-month,mail,1,1
C00929,60,47.8,0,month-to-month,mail,0,0
C00930,58,52.72,1,month-to-month,mail,0,0
C00931,28,54.21,1,month-to-month,electronic_check,1,1
C00932,28,66.34,1,month-to-month,bank_transfer,1,1
C00933,61,73.74,5,month-to-month,card,0,0
C00934,7,81.58,1,one-year,bank_transfer,1,1
C00935,57,33.73,0,two-year,,0,0
C00936,70,120.67,0,month-to-month,bank_transfer,0,0
C00937,33,99.59,0,month-to-month,bank_transfer,0,0
C00938,55,88.59,1,two-year,mail,0,0
C00939,52,60.84,1,two-year,electronic_check,0,0
C00940,65,67.72,0,two-year,bank_transfer,0,0
C00941,3,84.03,1,month-to-month,electronic_check,0,0
C00942,51,80.54,1,one-year,mail,0,0
C00943,29,26.97,1,one-year,electronic_check,0,0
C00944,62,88.98,2,month-to-month,electronic_check,1,1
C00945,62,144.71,2,month-to-month,bank_transfer,0,0
C00946,21,22.67,0,two-year,mail,0,0
C00947,42,95.49,2,month-to-month,electronic_check,0,0
C00948,36,79.46,2,month-to-month,mail,0,0
C00949,41,67.14,2,month-to-month,card,0,0
C00950,60,105.18,0,one-year,electronic_check,0,0
C00951,48,39.66,1,month-to-month,card,0,0
C00952,55,74.18,1,one-year,electronic_check,0,0
C00953,49,107.55,3,month-to-month,electronic_check,0,0
C00954,19,64.95,1,month-to-month,card,0,0
C00955,43,59.27,1,month-to-month,mail,0,0
C00956,28,72.95,1,month-to-month,electronic_check,0,0
C00957,31,58.58,1,two-year,card,0,0
C00958,9,109.73,0,month-to-month,mail,1,1
C00959,14,46.7,0,one-year,mail,0,0
C00960,25,92.42,2,two-year,card,1,1
C00961,22,37.83,2,month-to-month,bank_transfer,1,1
C00962,46,87.19,2,month-to-month,electronic_check,0,0
C00963,22,67.31,1,month-to-month,electronic_check,0,0
C00964,18,15.0,4,month-to-month,electronic_check,1,1
C00965,32,69.85,1,two-year,bank_transfer,0,0
C00966,41,42.58,1,month-to-month,mail,0,0
C00967,72,58.58,1,one-year,electronic_check,0,0
C00968,37,109.54,0,month-to-month,card,1,1
C00969,26,,2,month-to-month,bank_transfer,0,0
C00970,24,42.75,2,month-to-month,card,0,0
C00971,33,107.02,2,two-year,mail,0,0
C00972,67,72.98,2,one-year,card,0,0
C00973,27,109.62,0,one-year,bank_transfer,0,0
C00974,18,78.32,1,month-to-month,card,0,0
C00975,42,47.32,3,month-to-month,bank_transfer,0,0
C00976,56,68.3,1,two-year,bank_transfer,1,1
C00977,69,101.6,2,one-year,electronic_check,0,0
C00978,21,94.19,1,one-year,card,0,0
C00979,65,70.02,1,month-to-month,card,0,0
C00980,62,,2,month-to-month,card,0,0
C00981,28,67.11,0,two-year,mail,1,1
C00982,25,55.13,1,month-to-month,card,0,0
C00983,20,119.65,2,month-to-month,electronic_check,1,1
C00984,23,70.18,2,one-year,mail,1,1
C00985,64,40.93,0,month-to-month,mail,0,0
C00986,23,57.74,3,one-year,bank_transfer,0,0
C00987,36,88.67,1,one-year,card,0,0
C00988,68,86.49,2,month-to-month,electronic_check,0,0
C00989,50,66.48,2,month-to-month,electronic_check,1,1
C00990,10,52.82,1,month-to-month,electronic_check,1,1
C00991,6,70.61,0,month-to-month,card,0,0
C00992,17,26.98,2,month-to-month,mail,0,0
C00993,63,36.54,2,month-to-month,card,0,0
C00994,17,90.53,3,month-to-month,,1,1
C00995,23,57.68,1,month-to-month,bank_transfer,1,1
C00996,39,79.64,2,month-to-month,electronic_check,0,0
C00997,36,101.31,1,one-year,bank_transfer,0,0
C00998,6,86.7,1,month-to-month,bank_transfer,1,1
C00999,15,70.53,0,month-to-month,electronic_check,1,1
C01000,72,124.7,2,one-year,bank_transfer,0,0
C01001,31,87.16,3,one-year,bank_transfer,1,1
C01002,21,60.89,1,one-year,electronic_check,0,0
C01003,60,88.82,3,one-year,card,0,0
C01004,34,80.48,2,month-to-month,mail,1,1
C01005,60,48.0,3,two-year,electronic_check,0,0
C01006,12,71.88,1,one-year,electronic_check,1,1
C01007,35,65.76,0,month-to-month,bank_transfer,0,0
C01008,59,19.46,2,one-year,mail,0,0
C01009,56,65.57,1,one-year,bank_transfer,0,0
C01010,49,62.72,0,one-year,mail,0,0
C01011,33,58.73,0,month-to-month,mail,1,1
C01012,60,27.72,1,one-year,mail,0,0
C01013,27,60.88,4,one-year,electronic_check,1,1
C01014,48,68.98,0,one-year,mail,0,0
C01015,40,72.62,1,month-to-month,electronic_check,0,0
C01016,22,40.82,0,month-to-month,bank_transfer,0,0
C01017,15,86.26,3,two-year,mail,0,0
C01018,39,38.76,3,month-to-month,electronic_check,0,0
C01019,23,64.25,0,one-year,mail,0,0
C01020,38,103.54,2,month-to-month,card,1,1
C01021,51,52.21,1,one-year,card,0,0
C01022,58,56.87,1,one-year,bank_transfer,0,0
C01023,56,97.58,1,one-year,mail,0,0
C01024,37,60.13,4,two-year,bank_transfer,0,0
C01025,5,62.37,1,month-to-month,electronic_check,0,0
C01026,13,75.68,1,month-to-month,card,1,1
C01027,53,96.96,1,month-to-month,electronic_check,0,0
C01028,43,15.0,0,month-to-month,mail,0,0
C01029,59,48.72,4,month-to-month,bank_transfer,0,0
C01030,36,44.13,2,two-year,mail,0,0
C01031,33,42.14,0,month-to-month,bank_transfer,0,0
C01032,18,48.06,0,one-year,electronic_check,0,0
C01033,5,48.46,3,one-year,electronic_check,0,0
C01034,11,77.73,1,month-to-month,mail,1,1
C01035,50,47.2,0,month-to-month,card,0,0
C01036,42,73.14,1,month-to-month,card,0,0
C01037,18,80.29,1,month-to-month,electronic_check,0,0
C01038,27,51.3,1,month-to-month,bank_transfer,1,1
C01039,47,73.35,3,one-year,bank_transfer,0,0
C01040,28,111.94,1,one-year,mail,0,0
C01041,28,78.25,1,month-to-month,electronic_check,1,1
C01042,20,53.68,0,month-to-month,card,1,1
C01043,46,68.34,0,two-year,electronic_check,0,0
C01044,65,46.55,0,month-to-month,electronic_check,0,0
C01045,19,76.93,1,month-to-month,electronic_check,0,0
C01046,21,92.06,2,one-year,card,0,0
C01047,35,49.05,2,one-year,card,0,0
C01048,14,64.65,2,two-year,bank_transfer,0,0
C01049,38,98.43,1,month-to-month,electronic_check,0,0
C01050,64,57.29,1,one-year,electronic_check,0,0
C01051,46,74.8,2,month-to-month,bank_transfer,0,0
C01052,12,43.85,2,month-to-month,card,0,0
C01053,15,49.08,1,month-to-month,electronic_check,0,0
C01054,6,56.91,2,month-to-month,mail,0,0
C01055,70,124.41,1,month-to-month,electronic_check,0,0
C01056,25,59.77,3,month-to-month,card,0,0
C01057,21,56.75,1,one-year,electronic_check,1,1
C01058,62,55.92,1,one-year,mail,0,0
C01059,23,65.86,0,month-to-month,electronic_check,0,0
C01060,17,86.4,1,month-to-month,bank_transfer,0,0
C01061,19,74.74,3,one-year,,0,0
C01062,29,121.45,0,month-to-month,bank_transfer,1,1
C01063,5,75.34,1,month-to-month,mail,1,1
C01064,47,,0,two-year,bank_transfer,0,0
C01065,31,76.92,1,month-to-month,mail,0,0
C01066,70,85.14,0,month-to-month,electronic_check,0,0
C01067,56,33.91,2,one-year,mail,0,0
C01068,28,66.82,2,month-to-month,card,0,0
C01069,52,68.28,0,month-to-month,mail,0,0
C01070,59,63.93,1,one-year,card,1,1
C01071,15,16.18,0,one-year,bank_transfer,0,0
C01072,12,92.02,3,two-year,card,0,0
C01073,10,,2,month-to-month,mail,1,1
C01074,4,,0,month-to-month,electronic_check,1,1
C01075,24,63.62,0,month-to-month,electronic_check,0,0
C01076,58,64.3,1,month-to-month,card,0,0
C01077,56,80.18,3,month-to-month,card,0,0
C01078,28,38.22,3,month-to-month,bank_transfer,0,0
C01079,36,46.72,1,month-to-month,electronic_check,0,0
C01080,56,77.27,1,month-to-month,card,0,0
C01081,67,73.64,0,month-to-month,mail,0,0
C01082,21,60.58,2,one-year,electronic_check,0,0
C01083,48,55.65,0,one-year,electronic_check,0,0
C01084,43,49.14,2,month-to-month,card,1,1
C01085,45,68.54,1,one-year,mail,0,0
C01086,58,99.52,1,month-to-month,card,0,0
C01087,56,,2,month-to-month,card,0,0
C01088,29,108.08,1,month-to-month,electronic_check,0,0
C01089,55,91.1,2,one-year,mail,1,1
C01090,4,58.68,1,two-year,mail,0,0
C01091,25,89.58,1,two-year,mail,1,1
C01092,16,33.35,2,month-to-month,bank_transfer,0,0
C01093,19,,1,one-year,electronic_check,0,0
C01094,65,37.76,4,month-to-month,,1,1
C01095,32,59.76,2,one-year,mail,0,0
C01096,6,61.86,0,two-year,mail,0,0
C01097,36,57.12,2,one-year,card,1,1
C01098,5,72.49,2,month-to-month,electronic_check,0,0
C01099,11,16.62,2,month-to-month,bank_transfer,1,1
C01100,28,82.38,3,month-to-month,mail,0,0
C01101,32,34.52,0,one-year,card,0,0
C01102,17,53.48,4,one-year,bank_transfer,1,1
C01103,47,59.68,4,one-year,electronic_check,1,1
C01104,36,41.09,2,month-to-month,mail,0,0
C01105,10,35.73,2,one-year,mail,1,1
C01106,60,44.85,3,month-to-month,mail,0,0
C01107,10,69.7,3,two-year,mail,0,0
C01108,26,84.75,0,two-year,card,0,0
C01109,13,84.11,1,month-to-month,card,1,1
C01110,68,45.14,3,one-year,bank_transfer,0,0
C01111,21,50.21,3,one-year,mail,1,1
C01112,63,46.98,2,month-to-month,card,0,0
C01113,70,81.25,3,month-to-month,electronic_check,0,0
C01114,16,19.06,3,month-to-month,mail,1,1
C01115,2,100.96,2,one-year,card,1,1
C01116,1,57.88,2,month-to-month,,1,1
C01117,14,50.41,1,month-to-month,mail,0,0
C01118,29,78.49,4,one-year,electronic_check,1,1
C01119,12,95.82,0,month-to-month,electronic_check,1,1
C01120,69,78.56,1,one-year,card,0,0
C01121,35,96.32,1,month-to-month,card,0,0
C01122,62,73.36,3,month-to-month,bank_transfer,0,0
C01123,2,100.74,3,month-to-month,bank_transfer,1,1
C01124,10,101.13,2,month-to-month,card,0,0
C01125,33,67.51,2,two-year,electronic_check,0,0
C01126,12,105.98,0,one-year,,1,1
C01127,12,74.12,2,month-to-month,mail,0,0
C01128,2,72.17,0,month-to-month,bank_transfer,1,1
C01129,20,46.96,0,month-to-month,card,0,0
C01130,55,62.78,1,two-year,bank_transfer,0,0
C01131,58,89.44,0,two-year,electronic_check,0,0
C01132,37,37.18,0,month-to-month,mail,0,0
C01133,14,86.24,0,month-to-month,card,0,0
C01134,33,78.72,1,month-to-month,electronic_check,1,1
C01135,45,76.94,0,month-to-month,mail,0,0
C01136,11,15.0,3,month-to-month,electronic_check,1,1
C01137,30,67.42,0,month-to-month,card,0,0
C01138,60,86.21,1,month-to-month,card,0,0
C01139,31,50.93,2,one-year,mail,0,0
C01140,34,72.26,2,one-year,electronic_check,1,1
C01141,59,15.0,1,one-year,electronic_check,0,0
C01142,49,86.78,2,one-year,electronic_check,0,0
C01143,12,53.44,0,month-to-month,mail,0,0
C01144,44,91.78,1,month-to-month,bank_transfer,0,0
C01145,67,23.93,0,month-to-month,electronic_check,0,0
C01146,16,87.31,2,month-to-month,bank_transfer,0,0
C01147,65,64.08,2,month-to-month,electronic_check,0,0
C01148,43,90.19,0,month-to-month,bank_transfer,0,0
C01149,49,46.86,0,month-to-month,bank_transfer,0,0
C01150,24,54.54,2,month-to-month,card,1,1
C01151,4,126.06,3,two-year,card,0,0
C01152,2,49.25,1,two-year,card,0,0
C01153,48,52.35,1,one-year,bank_transfer,0,0
C01154,71,63.09,1,month-to-month,card,0,0
C01155,44,44.44,2,month-to-month,card,0,0
C01156,26,99.76,0,two-year,mail,0,0
C01157,56,113.13,2,one-year,bank_transfer,0,0
C01158,69,52.4,1,one-year,electronic_check,0,0
C01159,16,26.85,1,one-year,electronic_check,0,0
C01160,8,99.3,1,two-year,,1,1
C01161,69,97.71,1,one-year,electronic_check,0,0
C01162,4,90.54,2,month-to-month,electronic_check,0,0
C01163,64,98.91,2,month-to-month,electronic_check,1,1
C01164,11,48.31,0,two-year,electronic_check,0,0
C01165,9,65.79,2,month-to-month,electronic_check,1,1
C01166,20,35.4,1,month-to-month,mail,0,0
C01167,23,34.55,2,month-to-month,mail,1,1
C01168,24,94.53,1,month-to-month,electronic_check,1,1
C01169,3,53.2,0,month-to-month,mail,1,1
C01170,62,126.99,0,one-year,bank_transfer,0,0
C01171,60,,2,one-year,bank_transfer,0,0
C01172,49,53.99,1,one-year,mail,0,0
C01173,66,,0,one-year,electronic_check,0,0
C01174,68,115.03,1,month-to-month,mail,0,0
C01175,72,82.15,0,one-year,mail,0,0
C01176,28,39.57,1,month-to-month,bank_transfer,0,0
C01177,45,79.28,0,month-to-month,bank_transfer,0,0
C01178,55,104.39,1,month-to-month,card,1,1
C01179,48,57.67,2,one-year,electronic_check,1,1
C01180,57,50.66,1,one-year,card,0,0
C01181,49,95.41,2,one-year,electronic_check,1,1
C01182,28,73.5,1,one-year,bank_transfer,0,0
C01183,42,42.44,1,month-to-month,electronic_check,0,0
C01184,15,60.51,4,one-year,bank_transfer,1,1
C01185,69,51.11,0,two-year,electronic_check,0,0
C01186,65,,0,month-to-month,mail,0,0
C01187,44,72.74,2,one-year,electronic_check,0,0
C01188,56,98.76,4,month-to-month,card,0,0
C01189,25,87.74,1,month-to-month,bank_transfer,0,0
C01190,28,30.91,2,one-year,electronic_check,0,0
C01191,37,80.17,1,month-to-month,mail,0,0
C01192,20,92.42,2,month-to-month,electronic_check,0,0
C01193,2,81.4,3,month-to-month,electronic_check,1,1
C01194,29,95.75,1,month-to-month,bank_transfer,1,1
C01195,53,56.26,2,one-year,bank_transfer,0,0
C01196,19,46.23,2,one-year,bank_transfer,0,0
C01197,50,93.25,2,month-to-month,electronic_check,0,0
C01198,44,43.36,1,month-to-month,mail,0,0
C01199,31,16.01,1,month-to-month,electronic_check,0,0
C00459,58,50.2,1,one-year,card,1,1
C00457,60,92.04,4,month-to-month,bank_transfer,0,0
C01022,58,56.87,1,one-year,bank_transfer,0,0
C00141,49,47.65,0,month-to-month,electronic_check,0,0
C00668,33,41.63,1,month-to-month,,1,1
