customer_id,tenure_months,monthly_charges,support_tickets,contract,payment_method,churned
C00000,69,50.04,1,two-year,mail,0
C00001,37,75.11,1,month-to-month,mail,0
C00002,55,69.43,2,one-year,card,0
C00003,41,103.98,2,one-year,mail,0
C00004,13,65.3,1,month-to-month,electronic_check,1
C00005,37,81.02,1,month-to-month,electronic_check,0
C00006,68,15.0,0,month-to-month,mail,0
C00007,70,28.06,0,one-year,electronic_check,0
C00008,70,78.18,2,two-year,card,0
C00009,45,73.23,2,month-to-month,card,0
C00010,23,92.72,2,two-year,card,0
C00011,41,41.19,2,month-to-month,electronic_check,0
C00012,47,62.88,0,month-to-month,electronic_check,1
C00013,21,15.0,1,month-to-month,bank_transfer,0
C00014,70,49.09,5,one-year,bank_transfer,0
C00015,40,59.17,1,month-to-month,card,1
C00016,26,67.58,2,two-year,card,0
C00017,34,56.13,1,month-to-month,bank_transfer,0
C00018,8,93.85,3,month-to-month,mail,1
C00019,44,33.8,1,two-year,mail,0
C00020,25,37.92,1,month-to-month,card,0
C00021,67,81.51,2,one-year,electronic_check,0
C00022,22,60.52,1,month-to-month,bank_transfer,0
C00023,18,103.41,1,month-to-month,card,1
C00024,44,87.23,4,one-year,card,1
C00025,23,78.32,0,two-year,electronic_check,0
C00026,25,27.15,0,month-to-month,card,0
C00027,29,,2,month-to-month,electronic_check,0
C00028,50,76.7,2,month-to-month,electronic_check,0
C00029,20,53.9,3,two-year,card,0
C00030,66,,2,month-to-month,bank_transfer,1
C00031,26,77.48,1,one-year,card,0
C00032,56,49.22,1,month-to-month,bank_transfer,0
C00033,68,42.16,1,two-year,bank_transfer,0
C00034,50,94.19,0,one-year,electronic_check,1
C00035,28,71.21,3,two-year,electronic_check,1
C00036,49,71.37,2,month-to-month,card,0
C00037,56,94.04,1,one-year,mail,0
C00038,55,113.33,2,one-year,mail,0
C00039,3,15.0,1,month-to-month,card,0
C00040,7,106.36,0,two-year,bank_transfer,0
C00041,22,94.95,0,month-to-month,mail,0
C00042,26,62.61,4,month-to-month,mail,1
C00043,51,99.49,2,one-year,card,0
C00044,7,67.91,2,month-to-month,bank_transfer,1
C00045,33,109.93,1,one-year,bank_transfer,1
C00046,58,98.48,2,month-to-month,bank_transfer,0
C00047,65,80.31,0,month-to-month,card,0
C00048,5,54.44,1,one-year,electronic_check,0
C00049,32,72.18,0,month-to-month,bank_transfer,0
C00050,22,48.11,1,month-to-month,card,0
C00051,45,52.45,4,month-to-month,card,1
C00052,60,74.49,2,one-year,bank_transfer,0
C00053,43,66.8,2,month-to-month,electronic_check,0
C00054,43,53.32,1,month-to-month,bank_transfer,1
C00055,44,111.23,2,month-to-month,mail,0
C00056,22,56.17,3,one-year,mail,0
C00057,48,69.27,1,month-to-month,electronic_check,0
C00058,13,69.94,0,month-to-month,card,1
C00059,37,15.23,1,one-year,electronic_check,0
C00060,66,135.41,1,month-to-month,bank_transfer,0
C00061,14,55.6,1,month-to-month,card,0
C00062,7,88.46,0,one-year,card,0
C00063,5,16.24,1,one-year,mail,0
C00064,3,65.81,0,month-to-month,electronic_check,1
C00065,19,29.03,3,month-to-month,mail,1
C00066,21,57.31,0,month-to-month,electronic_check,0
C00067,7,101.64,2,month-to-month,bank_transfer,1
C00068,61,89.53,0,one-year,bank_transfer,0
C00069,9,85.5,0,month-to-month,mail,0
C00070,21,82.52,3,month-to-month,mail,1
C00071,21,26.12,0,two-year,card,0
C00072,41,41.51,4,one-year,bank_transfer,0
C00073,43,83.65,1,month-to-month,card,0
C00074,32,103.99,1,month-to-month,bank_transfer,1
C00075,25,81.37,1,month-to-month,mail,0
C00076,48,84.23,4,month-to-month,mail,0
C00077,57,83.63,1,month-to-month,card,0
C00078,34,87.46,1,one-year,mail,0
C00079,70,82.02,1,two-year,card,0
C00080,56,42.37,1,one-year,,0
C00081,24,94.32,0,two-year,card,0
C00082,70,47.45,2,one-year,bank_transfer,0
C00083,18,33.27,1,month-to-month,mail,0
C00084,50,73.22,2,two-year,electronic_check,0
C00085,50,36.65,2,month-to-month,card,1
C00086,23,,0,month-to-month,electronic_check,0
C00087,42,72.54,2,month-to-month,bank_transfer,0
C00088,25,49.44,0,month-to-month,bank_transfer,1
C00089,56,47.76,3,month-to-month,card,0
C00090,22,81.4,1,month-to-month,bank_transfer,1
C00091,45,97.76,0,month-to-month,card,0
C00092,37,88.28,2,one-year,card,0
C00093,21,92.46,0,month-to-month,mail,1
C00094,65,32.92,0,one-year,electronic_check,0
C00095,66,86.35,4,month-to-month,electronic_check,0
C00096,37,69.67,5,one-year,electronic_check,1
C00097,42,52.08,2,month-to-month,electronic_check,0
C00098,20,62.46,0,one-year,electronic_check,0
C00099,52,60.44,2,two-year,bank_transfer,1
C00100,61,43.78,2,two-year,card,0
C00101,49,21.25,1,month-to-month,mail,0
C00102,32,79.26,0,two-year,mail,0
C00103,56,76.4,2,month-to-month,card,0
C00104,25,103.24,3,one-year,card,0
C00105,55,98.49,1,month-to-month,card,0
C00106,13,74.62,3,month-to-month,mail,1
C00107,30,91.27,1,month-to-month,electronic_check,1
C00108,46,108.47,5,one-year,electronic_check,0
C00109,3,52.63,1,month-to-month,card,1
C00110,54,63.44,2,month-to-month,mail,0
C00111,35,76.75,4,two-year,card,0
C00112,37,36.04,1,month-to-month,mail,0
C00113,65,42.9,3,month-to-month,electronic_check,0
C00114,23,86.53,2,month-to-month,card,1
C00115,11,59.23,3,month-to-month,bank_transfer,1
C00116,10,81.33,1,month-to-month,card,0
C00117,57,67.13,4,one-year,electronic_check,0
C00118,27,100.85,4,month-to-month,mail,1
C00119,48,76.86,2,month-to-month,bank_transfer,0
C00120,5,73.33,2,month-to-month,mail,1
C00121,51,63.08,2,month-to-month,bank_transfer,0
C00122,63,44.39,0,one-year,,0
C00123,16,31.31,0,two-year,electronic_check,0
C00124,65,136.68,3,month-to-month,bank_transfer,0
C00125,6,77.88,3,month-to-month,bank_transfer,1
C00126,26,95.75,1,month-to-month,bank_transfer,0
C00127,20,47.9,0,month-to-month,bank_transfer,0
C00128,21,81.75,1,one-year,bank_transfer,0
C00129,45,79.55,1,two-year,bank_transfer,0
C00130,55,48.4,0,month-to-month,bank_transfer,0
C00131,28,120.45,1,month-to-month,,1
C00132,17,107.31,2,one-year,mail,0
C00133,19,65.99,2,month-to-month,electronic_check,0
C00134,27,97.94,1,month-to-month,mail,1
C00135,29,99.66,2,month-to-month,card,1
C00136,71,84.78,1,one-year,mail,0
C00137,53,83.53,4,month-to-month,card,1
C00138,32,73.65,2,one-year,electronic_check,0
C00139,19,70.27,2,one-year,electronic_check,0
C00140,1,34.14,1,month-to-month,bank_transfer,0
C00141,40,59.37,4,month-to-month,card,1
C00142,2,81.65,4,two-year,card,1
C00143,30,63.82,1,month-to-month,electronic_check,1
C00144,18,97.64,2,two-year,bank_transfer,0
C00145,72,72.52,4,month-to-month,mail,0
C00146,72,49.13,0,one-year,electronic_check,0
C00147,62,38.78,4,two-year,card,0
C00148,37,46.87,3,two-year,bank_transfer,0
C00149,53,69.13,0,month-to-month,bank_transfer,0
C00150,31,64.67,1,two-year,mail,0
C00151,40,15.0,1,month-to-month,electronic_check,0
C00152,8,83.56,3,month-to-month,card,1
C00153,29,109.82,3,month-to-month,electronic_check,1
C00154,37,52.65,0,one-year,card,0
C00155,49,81.63,1,month-to-month,card,0
C00156,26,50.7,3,two-year,,0
C00157,61,102.55,4,month-to-month,electronic_check,0
C00158,23,50.06,1,one-year,electronic_check,0
C00159,11,65.53,5,two-year,bank_transfer,1
C00160,63,105.99,2,two-year,card,0
C00161,3,93.41,2,month-to-month,bank_transfer,1
C00162,29,62.12,3,two-year,mail,0
C00163,34,100.91,3,month-to-month,electronic_check,1
C00164,1,86.01,1,month-to-month,bank_transfer,1
C00165,20,96.61,1,two-year,card,0
C00166,60,108.41,0,one-year,electronic_check,0
C00167,64,110.84,0,two-year,electronic_check,0
C00168,30,47.8,2,one-year,electronic_check,0
C00169,19,49.18,0,one-year,mail,0
C00170,20,83.23,3,one-year,bank_transfer,1
C00171,66,62.52,0,two-year,card,0
C00172,69,15.0,2,month-to-month,card,0
C00173,37,94.4,0,month-to-month,card,0
C00174,33,38.38,2,month-to-month,mail,1
C00175,61,62.61,0,month-to-month,electronic_check,0
C00176,21,52.92,2,month-to-month,bank_transfer,1
C00177,33,61.26,3,month-to-month,card,1
C00178,33,85.62,4,month-to-month,card,0
C00179,52,24.76,3,month-to-month,electronic_check,0
C00180,4,62.14,2,month-to-month,mail,1
C00181,71,,2,two-year,bank_transfer,0
C00182,55,61.63,0,two-year,bank_transfer,0
C00183,12,76.6,2,one-year,electronic_check,0
C00184,53,94.24,1,one-year,electronic_check,0
C00185,19,63.94,3,one-year,mail,0
C00186,30,132.04,1,month-to-month,mail,1
C00187,38,93.28,0,one-year,electronic_check,0
C00188,50,100.9,1,month-to-month,mail,1
C00189,28,88.48,1,month-to-month,card,1
C00190,16,63.56,1,month-to-month,electronic_check,1
C00191,58,58.08,0,month-to-month,card,1
C00192,7,47.16,3,month-to-month,electronic_check,0
C00193,67,70.8,2,one-year,card,0
C00194,62,15.0,2,month-to-month,bank_transfer,0
C00195,42,57.83,0,one-year,electronic_check,0
C00196,32,69.2,1,two-year,card,0
C00197,10,35.09,4,month-to-month,bank_transfer,1
C00198,59,43.18,1,two-year,card,0
C00199,28,80.1,1,one-year,electronic_check,0
C00135,29,99.66,2,month-to-month,card,1
C00127,20,47.9,0,month-to-month,bank_transfer,0
C00191,58,58.08,0,month-to-month,card,1
C00066,21,57.31,0,month-to-month,electronic_check,0
C00119,48,76.86,2,month-to-month,bank_transfer,0
